id,name
1,Dawn
2,Pamella
3,Ileana
4,Caryl
5,Kirstin
6,Justinn
7,Binny
8,Ann-Marie
9,Camile
10,Sashenka
11,Susan
12,Korrie
13,Modestia
14,Augustine
15,Antonietta
16,Berta
17,Lacie
18,Danny
19,Dale
20,Clementine
21,Rivalee
22,Adore
23,Britni
24,Doralynne
25,Linzy
26,Kerrin
27,Margarette
28,Celene
29,Queenie
30,Lynnea
31,Doro
32,Caritta
33,Vanessa
34,Silvana
35,Cyndie
36,Jaclyn
37,Aeriela
38,Marsiella
39,Aimil
40,Desirae
41,Thalia
42,Lita
43,Britte
44,Vivia
45,Evita
46,Averyl
47,Lacie
48,Selma
49,Aimil
50,Oona
51,Janenna
52,Dolli
53,Gaylene
54,Sara-Ann
55,Allis
56,Elvira
57,Cristine
58,Gabriellia
59,Ottilie
60,Ariela
61,Evaleen
62,Dorthy
63,Raina
64,Devina
65,Stacey
66,Corina
67,Brandise
68,Hyacinthe
69,Lynde
70,Jsandye
71,Leona
72,Susette
73,Raf
74,Corly
75,Cherrita
76,Priscilla
77,Gwyneth
78,Cacilie
79,Nadine
80,Gusella
81,Brana
82,Rori
83,Renie
84,Alyssa
85,Queenie
86,Belva
87,Corly
88,Maridel
89,Kellen
90,Libbie
91,Aaren
92,Claudina
93,Hettie
94,Concettina
95,Teriann
96,Merle
97,Elena
98,Kara-Lynn
99,Zsa Zsa
100,Bee
101,Nickie
102,Dolli
103,Chere
104,Gilligan
105,Donetta
106,Alleen
107,Harrietta
108,Rosanne
109,Lexine
110,Lolita
111,Danny
112,Amelia
113,Rozele
114,Andeee
115,Kial
116,Alisha
117,Raina
118,Emma
119,Nananne
120,Dianemarie
121,Esmeralda
122,Raf
123,Charmaine
124,Roberta
125,Jasmina
126,Candy
127,Emmey
128,Vivia
129,Vivia
130,Glynnis
131,Mary
132,Sophia
133,Gianina
134,Dale
135,Mamie
136,Donnie
137,Nikki
138,Anica
139,Carly
140,Merrie
141,Mariele
142,Jenilee
143,Basia
144,Darci
145,Rori
146,Clementine
147,Ericka
148,Charlena
149,Jean
150,Gratia
151,Deirdre
152,Consuela
153,Lucy
154,Marsiella
155,Dorene
156,Amii
157,Celestyna
158,Deane
159,Hildegaard
160,Tressa
161,Basia
162,Krystle
163,Dulce
164,Neila
165,Eadie
166,Dyann
167,Jacenta
168,Dede
169,Raquela
170,Kellen
171,Lynea
172,Christian
173,Odessa
174,Aili
175,Fayre
176,Cam
177,Berget
178,Cristabel
179,Maye
180,Brynna
181,Basia
182,Leia
183,Di
184,Misha
185,Miquela
186,Ashlee
187,Halette
188,Zondra
189,Nannie
190,Deloria
191,Mady
192,Tracey
193,Barbara
194,Natka
195,Molli
196,Bee
197,Anica
198,Laurene
199,Jessy
200,Daryl
201,Lacie
202,Barbara
203,Allis
204,Jenda
205,Sean
206,Deedee
207,Sheree
208,Joy
209,Leontine
210,Philis
211,Sallie
212,Annecorinne
213,Clarice
214,Jeanna
215,Nonnah
216,Queenie
217,Hildegaard
218,Gusella
219,Jobi
220,Rochette
221,Shel
222,Ninnetta
223,Orelia
224,Corry
225,Rivalee
226,Elbertina
227,Amalie
228,Viviene
229,Elka
230,Candy
231,Angela
232,Briney
233,Marita
234,Brietta
235,Talya
236,Alejandra
237,Lynnea
238,Florencia
239,Ermengarde
240,Vita
241,Rivalee
242,Nita
243,Cathie
244,Rivalee
245,Jacquetta
246,Theodora
247,Donetta
248,Priscilla
249,Shauna
250,Minda
251,Tatiania
252,Frieda
253,Florencia
254,Kirstin
255,Mahalia
256,Fina
257,Carlie
258,Hettie
259,Courtnay
260,Drucie
261,Evita
262,Melisent
263,Tersina
264,Ann-Marie
265,Christian
266,Willetta
267,Elora
268,Jeanna
269,Rochette
270,Riannon
271,Hollie
272,Fawne
273,Nananne
274,Marinna
275,Rubie
276,Mara
277,Helsa
278,Shannah
279,Allyce
280,Eolanda
281,Devina
282,Eolanda
283,Mady
284,Corina
285,Isa
286,Cassondra
287,Tarra
288,Sean
289,Cristine
290,Cam
291,Modestia
292,Eve
293,Estell
294,Lucille
295,Mireielle
296,Joleen
297,Valli
298,Dode
299,Rosaline
300,Shaine
301,Kara-Lynn
302,Jordan
303,Lily
304,Joleen
305,Lesly
306,Bobbi
307,Trudie
308,Dione
309,Frank
310,Shell
311,Tina
312,Dania
313,Kristina
314,Camile
315,Shannah
316,Delilah
317,Clo
318,Cindelyn
319,Juliane
320,Ardenia
321,Margarette
322,Lucy
323,Mara
324,Patricia
325,Hildegaard
326,Dulce
327,Gwyneth
328,Chloris
329,Sidoney
330,Bibby
331,Deedee
332,Feliza
333,Roseline
334,Nessie
335,Giustina
336,Chloris
337,Lisette
338,Dode
339,Alisha
340,Meg
341,Renae
342,Catrina
343,Dennie
344,Pollyanna
345,Orelia
346,Babita
347,Elyssa
348,Cherrita
349,Shandie
350,Eadie
351,Krystle
352,Gratia
353,Rayna
354,Collen
355,Doralynne
356,Goldie
357,Petronia
358,Jordan
359,Meg
360,Danny
361,Drucie
362,Tarra
363,Wendi
364,Lanae
365,Xylina
366,Tani
367,Evita
368,Lenna
369,Sadie
370,Jan
371,Gwyneth
372,Mara
373,Rori
374,Annice
375,Hettie
376,Celisse
377,Rochette
378,Britni
379,Doralynne
380,Emma
381,Annice
382,Orsola
383,Jessamyn
384,Quintina
385,Layla
386,Ofilia
387,Aaren
388,Lulita
389,Elora
390,Carree
391,Jillayne
392,Calla
393,Letizia
394,Dawn
395,Ericka
396,Kate
397,Nerta
398,Malina
399,Concettina
400,Cristabel
401,Nadine
402,Esmeralda
403,Ada
404,Celestyna
405,Wynne
406,Chloris
407,Sheree
408,Clary
409,Adriana
410,Orsola
411,Penelopa
412,Charmaine
413,Carol-Jean
414,Madeleine
415,Dede
416,Damaris
417,Celisse
418,Myrtice
419,Glenda
420,Charissa
421,Kimmy
422,Gui
423,Harrietta
424,Tersina
425,Sidoney
426,Nerta
427,Fanny
428,Cordi
429,Mellicent
430,Clo
431,Sam
432,Ermengarde
433,Daryl
434,Kylynn
435,Jennica
436,Aeriela
437,Susette
438,Lita
439,Suzette
440,Beatriz
441,Etta
442,Frank
443,Molli
444,Althea
445,Kenna
446,Kristina
447,Merry
448,Orsola
449,Daryl
450,Cristabel
451,Sean
452,Sissy
453,Lesly
454,Tamqrah
455,Bibby
456,Reeba
457,Hallie
458,Mariann
459,Gilligan
460,Cyb
461,Devina
462,Alyssa
463,Nita
464,Paola
465,Berget
466,Viki
467,Emmey
468,Rhoda
469,Katharina
470,Merci
471,Thalia
472,Brynna
473,Brena
474,Felice
475,Fina
476,Rani
477,Aeriela
478,Ermengarde
479,Susan
480,Cindelyn
481,Cacilie
482,Gilligan
483,Jackie
484,Karina
485,Bernie
486,Nita
487,Nariko
488,Linzy
489,Lorie
490,Norine
491,Kathi
492,Melodie
493,Nessie
494,Tami
495,Trixi
496,Ethel
497,Nonnah
498,Shel
499,Joy
500,Claresta
501,Meghann
502,Evaleen
503,Alyssa
504,Jere
505,Sashenka
506,Arlena
507,Gretal
508,Amara
509,Arlina
510,Evita
511,Myrtice
512,Estell
513,Rani
514,Quintina
515,Rubie
516,Sophia
517,Basia
518,Amara
519,Raina
520,Layla
521,Corry
522,Cassandra
523,Celene
524,Rayna
525,Vonny
526,Heida
527,Brena
528,Gusty
529,Lorenza
530,Glenda
531,Jillayne
532,Joceline
533,Selia
534,Livvyy
535,Malina
536,Roseline
537,Giustina
538,Sashenka
539,Dominga
540,Joleen
541,Gisela
542,Teriann
543,Clary
544,Dianemarie
545,Riannon
546,Marleah
547,Dulcinea
548,Emmey
549,Tiffie
550,Lorenza
551,Coral
552,Jany
553,Thalia
554,Jacquetta
555,Corene
556,Tiffie
557,Emma
558,Fayre
559,Genovera
560,Mellicent
561,Mahalia
562,Wanda
563,Sallie
564,Britte
565,Elise
566,Elise
567,Sonni
568,Valeda
569,Renie
570,Katharina
571,Wileen
572,Hyacinthe
573,Renie
574,Netty
575,Jennica
576,Rozele
577,Ana
578,Cassondra
579,Courtnay
580,Isa
581,Lily
582,Elsie
583,Cathie
584,Emma
585,Sam
586,Kirstin
587,Sybille
588,Vita
589,June
590,Lanae
591,Celestyna
592,Melina
593,Kenna
594,Beatriz
595,Brana
596,Ketti
597,Marjie
598,Ardeen
599,Genevra
600,Korrie
601,Ashlee
602,Celisse
603,Cissiee
604,Ashlee
605,Mellicent
606,Melisent
607,Harmonia
608,Dawn
609,Carilyn
610,Elise
611,Augustine
612,Jasmina
613,Carilyn
614,Nariko
615,Winifred
616,Chrystel
617,Fernande
618,Roslyn
619,Sadie
620,Grier
621,Yolane
622,Alyda
623,Konstance
624,Courtnay
625,Elka
626,Philis
627,Jaclyn
628,Allis
629,Inga
630,Roseline
631,Suzette
632,Cassandra
633,Hannis
634,Anestassia
635,Lucille
636,Steffane
637,Sonni
638,Hallie
639,Tori
640,Lucy
641,Janis
642,Inga
643,Susette
644,Brena
645,Hollie
646,Ardenia
647,Sophia
648,Monika
649,Madeleine
650,Danika
651,Letizia
652,Netty
653,Susan
654,Nessie
655,Ira
656,Cyndie
657,Maisey
658,Agnese
659,Loree
660,Consuela
661,Willetta
662,Tressa
663,Jaclyn
664,Mamie
665,Nollie
666,Silvana
667,Karlee
668,Kaja
669,Priscilla
670,Linet
671,Ursulina
672,Mara
673,Raina
674,Loree
675,Janeczka
676,Cecile
677,Perry
678,Malina
679,Kaia
680,Wendi
681,Yetty
682,Annabela
683,Penelopa
684,Rochette
685,Penelopa
686,Marcy
687,Dominga
688,Alameda
689,Trixi
690,Blake
691,Dorothy
692,Roz
693,Marguerite
694,Karena
695,Devina
696,Konstance
697,Xylina
698,Cacilie
699,Aryn
700,Lily
701,Mallory
702,Taffy
703,Lusa
704,Lacie
705,Dyann
706,Robbi
707,Danika
708,Nessie
709,Nyssa
710,Arabel
711,Wilma
712,Atlanta
713,Sam
714,Elvira
715,Shaylyn
716,Lauryn
717,Viviene
718,Michaelina
719,Wilma
720,Selma
721,Oona
722,Olwen
723,Brandise
724,Lorne
725,Ann-Marie
726,Kellen
727,Phedra
728,Alyssa
729,Jasmina
730,Adelle
731,Dominga
732,Wynne
733,Helena
734,Marjie
735,Anestassia
736,Sallie
737,Lucy
738,Viviene
739,Marnia
740,Gabi
741,Siana
742,Tina
743,Cindelyn
744,Concettina
745,Marika
746,Karolina
747,Kaia
748,Daphne
749,Hildegaard
750,Gale
751,Merrie
752,Adore
753,Loree
754,Jaime
755,Hermione
756,Dari
757,Ernesta
758,Nariko
759,Cristabel
760,Lelah
761,Dotty
762,Justinn
763,Shaine
764,Halette
765,Misha
766,Elyssa
767,Beth
768,Donetta
769,Jennica
770,Frances
771,Janeczka
772,Ricky
773,Nickie
774,Zia
775,Randa
776,Ermengarde
777,Celisse
778,Meghann
779,Grier
780,Cherrita
781,Rebeca
782,Rori
783,Abbie
784,Joceline
785,Elora
786,Sarette
787,Emilia
788,Imojean
789,Melina
790,Jere
791,Dianemarie
792,Alyssa
793,Janey
794,Maryellen
795,Dale
796,Malina
797,Lila
798,Krystle
799,Kathy
800,Winny
801,Marinna
802,Zia
803,Adele
804,Halette
805,Nyssa
806,Jemie
807,Merle
808,Dorice
809,Raf
810,Merry
811,Hope
812,Rozele
813,Jemie
814,Tatiania
815,Robinia
816,Winny
817,Justinn
818,Jennica
819,Diena
820,Kary
821,Cindelyn
822,Ada
823,Georgina
824,Gaylene
825,Annora
826,Ronna
827,Camile
828,Andeee
829,Pearline
830,Louella
831,Annabela
832,Peri
833,Philis
834,Vinita
835,Neila
836,Rosaline
837,Shandie
838,Clary
839,Zia
840,Allis
841,Jacquetta
842,Jacquetta
843,Kayla
844,Taffy
845,Carol-Jean
846,Kara-Lynn
847,Dominga
848,Bertine
849,Marleah
850,Jenilee
851,Iseabal
852,Jere
853,Brietta
854,Alexine
855,Cam
856,Zsa Zsa
857,Elora
858,Janenna
859,Ariela
860,Brana
861,Angela
862,Valera
863,Monika
864,Starla
865,Harrietta
866,Beverley
867,Belva
868,Jasmina
869,Marcelline
870,Kimberley
871,Joelly
872,Gilda
873,Janey
874,Lisette
875,Beth
876,Lolita
877,Tonia
878,Frieda
879,Codie
880,Amii
881,Jillayne
882,Farrah
883,Rebeca
884,Britte
885,Devina
886,Elora
887,Kenna
888,Gisela
889,Siana
890,Maud
891,Tani
892,Marguerite
893,Jenilee
894,Gabriellia
895,Clarice
896,Larine
897,Mathilda
898,Amii
899,Melisent
900,Mildrid
901,Fidelia
902,Edee
903,Viki
904,Lauryn
905,Ingrid
906,Rhoda
907,Krystle
908,Cam
909,Ileana
910,Katuscha
911,Vevay
912,Oona
913,Marjie
914,Consuela
915,Kristina
916,Tressa
917,Nyssa
918,Angela
919,Sabina
920,Leontine
921,Jolyn
922,Selma
923,Zondra
924,Moyna
925,Danny
926,Harrietta
927,Berget
928,Celisse
929,Gianina
930,Carree
931,Elora
932,Lindie
933,Jere
934,Zsa Zsa
935,Gloria
936,Ardys
937,Janenna
938,Sonni
939,Suzette
940,Nariko
941,Shaine
942,Danny
943,Ruthe
944,Jobi
945,Berget
946,Deirdre
947,Lilith
948,Etta
949,Joelly
950,Paulita
951,Flory
952,Elfreda
953,Kimberley
954,Dorthy
955,Nessie
956,Andeee
957,Brynna
958,Kittie
959,Rosaline
960,Margarette
961,Adriana
962,Lauryn
963,Amii
964,Dacia
965,Liana
966,Sophia
967,Juliane
968,Peri
969,Daryl
970,Teddie
971,Madalyn
972,Sophia
973,Mellicent
974,Larine
975,Dorice
976,Tamqrah
977,Alleen
978,Gaylene
979,Blondelle
980,Glenda
981,Rayna
982,Cyb
983,Cassandra
984,Kelly
985,Ingrid
986,Ronna
987,Jenda
988,Winny
989,Johna
990,Aubrie
991,Ketti
992,Laurene
993,Lolita
994,Selma
995,Sadie
996,Betta
997,Pollyanna
998,Trudie
999,Damaris
1000,Phylis